{"accuracy": [0.6835379600524902, 0.7058217525482178, 0.7261782288551331, 0.7432607412338257, 0.7554851770401001, 0.763300359249115, 0.7772409319877625, 0.7051880955696106, 0.7325940728187561, 0.7488844990730286, 0.7628514766693115, 0.7721716165542603, 0.8220462203025818, 0.739933967590332, 0.7621650099754333, 0.7752871513366699, 0.7863498330116272, 0.804330050945282, 0.8063894510269165, 0.7492012977600098, 0.7525544762611389, 0.7769240736961365, 0.7582574486732483, 0.7810165286064148, 0.7936633825302124, 0.8041452169418335, 0.8477360010147095, 0.867775559425354, 0.7826534509658813, 0.8004488348960876, 0.810745894908905, 0.8221518397331238, 0.8314455151557922, 0.8372277021408081, 0.8774389624595642, 0.8934389352798462, 0.9006996750831604], "loss": [1.2595186233520508, 1.1228173971176147, 1.033506155014038, 0.9693078398704529, 0.9063961505889893, 0.8666126132011414, 0.8138977289199829, 1.1472296714782715, 1.0183907747268677, 0.9354481101036072, 0.8737003803253174, 0.829687774181366, 0.634672224521637, 1.0007764101028442, 0.8907368779182434, 0.8226835131645203, 0.7758337259292603, 0.7150512933731079, 0.6936328411102295, 0.9634284377098083, 0.9375775456428528, 0.8370295166969299, 0.9108891487121582, 0.8049025535583496, 0.7554444074630737, 0.7023370862007141, 0.5373504757881165, 0.46266451478004456, 0.8306768536567688, 0.7383310794830322, 0.6881510615348816, 0.6342027187347412, 0.5983542203903198, 0.5716792941093445, 0.42170092463493347, 0.36220625042915344, 0.3371584713459015], "val_accuracy": [0.4840396046638489, 0.5822574496269226, 0.5118415951728821, 0.6004752516746521, 0.5791683197021484, 0.6053861379623413, 0.5816237330436707, 0.5621386170387268, 0.6240000128746033, 0.5742574334144592, 0.6165544390678406, 0.5980197787284851, 0.6796039342880249, 0.5902574062347412, 0.5968316793441772, 0.6392871141433716, 0.6293069124221802, 0.6350098848342896, 0.6220198273658752, 0.619960367679596, 0.6372277140617371, 0.6067326664924622, 0.6662178039550781, 0.624554455280304, 0.655683159828186, 0.6008712649345398, 0.6984554529190063, 0.7180989980697632, 0.6606732606887817, 0.6500594019889832, 0.66970294713974, 0.6365940570831299, 0.6369900703430176, 0.5965940356254578, 0.6880791783332825, 0.7062970399856567, 0.6834851503372192], "val_loss": [2.637216806411743, 1.7786712646484375, 2.2386116981506348, 1.7105945348739624, 1.9051257371902466, 1.8741992712020874, 1.9965898990631104, 1.9912115335464478, 1.6393420696258545, 2.0110621452331543, 1.7856358289718628, 2.0008881092071533, 1.4966143369674683, 2.12813138961792, 1.899247169494629, 1.5796546936035156, 1.6080868244171143, 1.690199375152588, 1.789543628692627, 1.631840705871582, 1.6484184265136719, 1.8601875305175781, 1.4234458208084106, 1.6471126079559326, 1.5118610858917236, 1.8836469650268555, 1.336422085762024, 1.2838705778121948, 1.5933890342712402, 1.6471906900405884, 1.4748541116714478, 1.7028158903121948, 1.6544981002807617, 1.878856897354126, 1.4784061908721924, 1.4352707862854004, 1.6315521001815796], "learning_rate": [0.0010000000474974513, 0.0010000000474974513, 0.0010000000474974513, 0.0010000000474974513, 0.0010000000474974513, 0.0010000000474974513, 0.0010000000474974513, 0.0010000000474974513, 0.0010000000474974513, 0.0010000000474974513, 0.0010000000474974513, 0.0010000000474974513, 0.0005000000237487257, 0.0010000000474974513, 0.0010000000474974513, 0.0010000000474974513, 0.0010000000474974513, 0.0010000000474974513, 0.0010000000474974513, 0.0010000000474974513, 0.0010000000474974513, 0.0010000000474974513, 0.0010000000474974513, 0.0010000000474974513, 0.0010000000474974513, 0.0010000000474974513, 0.0005000000237487257, 0.0005000000237487257, 0.0010000000474974513, 0.0010000000474974513, 0.0010000000474974513, 0.0010000000474974513, 0.0010000000474974513, 0.0010000000474974513, 0.0005000000237487257, 0.0005000000237487257, 0.0005000000237487257]}